ID,Username,"Tên đầy đủ",Email,"Số điện thoại",Tên,Họ,Quận/Huyện,"Ngày tạo",Password
1,,"Nguyen Van Minh",contractor1@doitay.vn,,,,,"2025-06-07 05:25:06",password123
2,hồkhang1@example.com,"Hồ Khang",hồkhang1@example.com,0936159513,Khang,Hồ,,"2025-06-10 15:48:30",password123
3,nguyễnlan2@example.com,"Nguyễn Lan",nguyễnlan2@example.com,0945924801,Lan,Nguyễn,,"2025-06-10 15:48:30",password123
4,trầnlinh3@example.com,"Trần Linh",trầnlinh3@example.com,0961540935,Linh,Trần,,"2025-06-10 15:48:30",password123
5,Đỗnhật4@example.com,"Đỗ Nhật",Đỗnhật4@example.com,0994208434,Nhật,Đỗ,,"2025-06-10 15:48:31",password123
6,nguyễntâm5@example.com,"Nguyễn Tâm",nguyễntâm5@example.com,0955160488,Tâm,Nguyễn,,"2025-06-10 15:48:31",password123
7,nguyễnly6@example.com,"Nguyễn Ly",nguyễnly6@example.com,0920113455,Ly,Nguyễn,,"2025-06-10 15:48:31",password123
8,hoànglinh7@example.com,"Hoàng Linh",hoànglinh7@example.com,0958036753,Linh,Hoàng,,"2025-06-10 15:48:31",password123
9,võthành8@example.com,"Võ Thành",võthành8@example.com,0971527973,Thành,Võ,,"2025-06-10 15:48:31",password123
10,phạmnhật9@example.com,"Phạm Nhật",phạmnhật9@example.com,0936719824,Nhật,Phạm,,"2025-06-10 15:48:31",password123
11,lưukhánh10@example.com,"Lưu Khánh",lưukhánh10@example.com,0982310853,Khánh,Lưu,,"2025-06-10 15:48:31",password123
12,võvy11@example.com,"Võ Vy",võvy11@example.com,0918432348,Vy,Võ,,"2025-06-10 15:48:31",password123
13,ngôhùng12@example.com,"Ngô Hùng",ngôhùng12@example.com,0944186491,Hùng,Ngô,,"2025-06-10 15:48:31",password123
14,Đặngminh13@example.com,"Đặng Minh",Đặngminh13@example.com,0974115012,Minh,Đặng,,"2025-06-10 15:48:31",password123
15,lưuĐạt14@example.com,"Lưu Đạt",lưuĐạt14@example.com,0963424988,Đạt,Lưu,,"2025-06-10 15:48:31",password123
16,tôan15@example.com,"Tô An",tôan15@example.com,0976944562,An,Tô,,"2025-06-10 15:48:31",password123
17,trầntùng16@example.com,"Trần Tùng",trầntùng16@example.com,0955260270,Tùng,Trần,,"2025-06-10 15:48:31",password123
18,tănghoàng17@example.com,"Tăng Hoàng",tănghoàng17@example.com,0970867848,Hoàng,Tăng,,"2025-06-10 15:48:31",password123
19,vũĐức18@example.com,"Vũ Đức",vũĐức18@example.com,0950116704,Đức,Vũ,,"2025-06-10 15:48:31",password123
20,tônam19@example.com,"Tô Nam",tônam19@example.com,0912054220,Nam,Tô,,"2025-06-10 15:48:32",password123
21,hồtrang20@example.com,"Hồ Trang",hồtrang20@example.com,0911664992,Trang,Hồ,,"2025-06-10 15:48:32",password123
22,phantài21@example.com,"Phan Tài",phantài21@example.com,0976610090,Tài,Phan,,"2025-06-10 15:48:32",password123
23,phanhải22@example.com,"Phan Hải",phanhải22@example.com,0922618493,Hải,Phan,,"2025-06-10 15:48:32",password123
24,phanĐạt23@example.com,"Phan Đạt",phanĐạt23@example.com,0993667695,Đạt,Phan,,"2025-06-10 15:48:32",password123
25,hồvinh24@example.com,"Hồ Vinh",hồvinh24@example.com,0928410783,Vinh,Hồ,,"2025-06-10 15:48:32",password123
26,bùisơn25@example.com,"Bùi Sơn",bùisơn25@example.com,0942951240,Sơn,Bùi,,"2025-06-10 15:48:32",password123
27,lýtài26@example.com,"Lý Tài",lýtài26@example.com,0945035995,Tài,Lý,,"2025-06-10 15:48:32",password123
28,nguyễnbình27@example.com,"Nguyễn Bình",nguyễnbình27@example.com,0938741797,Bình,Nguyễn,,"2025-06-10 15:48:32",password123
29,tôtrung28@example.com,"Tô Trung",tôtrung28@example.com,0962036259,Trung,Tô,,"2025-06-10 15:48:32",password123
30,huỳnhĐức29@example.com,"Huỳnh Đức",huỳnhĐức29@example.com,0959437926,Đức,Huỳnh,,"2025-06-10 15:48:32",password123
31,lêdũng30@example.com,"Lê Dũng",lêdũng30@example.com,0961583155,Dũng,Lê,,"2025-06-10 15:48:32",password123
32,dươngmai31@example.com,"Dương Mai",dươngmai31@example.com,0924853967,Mai,Dương,,"2025-06-10 15:48:32",password123
33,ngôtuấn32@example.com,"Ngô Tuấn",ngôtuấn32@example.com,0917308053,Tuấn,Ngô,,"2025-06-10 15:48:32",password123
34,lưutuấn33@example.com,"Lưu Tuấn",lưutuấn33@example.com,0985657495,Tuấn,Lưu,,"2025-06-10 15:48:32",password123
35,lưuthảo34@example.com,"Lưu Thảo",lưuthảo34@example.com,0938443062,Thảo,Lưu,,"2025-06-10 15:48:33",password123
36,lưulan35@example.com,"Lưu Lan",lưulan35@example.com,0919929561,Lan,Lưu,,"2025-06-10 15:48:33",password123
37,lưutâm36@example.com,"Lưu Tâm",lưutâm36@example.com,0936913204,Tâm,Lưu,,"2025-06-10 15:48:33",password123
38,huỳnhtuấn37@example.com,"Huỳnh Tuấn",huỳnhtuấn37@example.com,0928122683,Tuấn,Huỳnh,,"2025-06-10 15:48:33",password123
39,Đinhnhật38@example.com,"Đinh Nhật",Đinhnhật38@example.com,0959345159,Nhật,Đinh,,"2025-06-10 15:48:33",password123
40,vũthắng39@example.com,"Vũ Thắng",vũthắng39@example.com,0938467771,Thắng,Vũ,,"2025-06-10 15:48:33",password123
41,vũvy40@example.com,"Vũ Vy",vũvy40@example.com,0972911171,Vy,Vũ,,"2025-06-10 15:48:33",password123
42,trầnminh41@example.com,"Trần Minh",trầnminh41@example.com,0985528130,Minh,Trần,,"2025-06-10 15:48:33",password123
43,lýnhật42@example.com,"Lý Nhật",lýnhật42@example.com,0958187998,Nhật,Lý,,"2025-06-10 15:48:33",password123
44,trầnphương43@example.com,"Trần Phương",trầnphương43@example.com,0945520911,Phương,Trần,,"2025-06-10 15:48:33",password123
45,lưusơn44@example.com,"Lưu Sơn",lưusơn44@example.com,0923035916,Sơn,Lưu,,"2025-06-10 15:48:33",password123
46,lýĐức45@example.com,"Lý Đức",lýĐức45@example.com,0956042491,Đức,Lý,,"2025-06-10 15:48:33",password123
47,vũphương46@example.com,"Vũ Phương",vũphương46@example.com,0931134210,Phương,Vũ,,"2025-06-10 15:48:33",password123
48,vũhoàng47@example.com,"Vũ Hoàng",vũhoàng47@example.com,0912427046,Hoàng,Vũ,,"2025-06-10 15:48:33",password123
49,vũtùng48@example.com,"Vũ Tùng",vũtùng48@example.com,0913518494,Tùng,Vũ,,"2025-06-10 15:48:33",password123
50,hoàngtùng49@example.com,"Hoàng Tùng",hoàngtùng49@example.com,0989699373,Tùng,Hoàng,,"2025-06-10 15:48:33",password123
51,nguyễnlan50@example.com,"Nguyễn Lan",nguyễnlan50@example.com,0917067170,Lan,Nguyễn,,"2025-06-10 15:48:34",password123
52,thotrầnphương1@example.com,"Trần Phương",thotrầnphương1@example.com,0951722001,Phương,Trần,,"2025-06-10 15:48:34",password123
53,thoĐinhvy2@example.com,"Đinh Vy",thoĐinhvy2@example.com,0953207802,Vy,Đinh,,"2025-06-10 15:48:34",password123
54,thotrầnhiền3@example.com,"Trần Hiền",thotrầnhiền3@example.com,0974583355,Hiền,Trần,,"2025-06-10 15:48:34",password123
55,thotănglinh4@example.com,"Tăng Linh",thotănglinh4@example.com,0921360241,Linh,Tăng,,"2025-06-10 15:48:34",password123
56,thovũlan5@example.com,"Vũ Lan",thovũlan5@example.com,0936553262,Lan,Vũ,,"2025-06-10 15:48:34",password123
57,thophạmbình6@example.com,"Phạm Bình",thophạmbình6@example.com,0989696777,Bình,Phạm,,"2025-06-10 15:48:34",password123
58,thotôkhang7@example.com,"Tô Khang",thotôkhang7@example.com,0983196613,Khang,Tô,,"2025-06-10 15:48:34",password123
59,thoĐỗphong8@example.com,"Đỗ Phong",thoĐỗphong8@example.com,0921126849,Phong,Đỗ,,"2025-06-10 15:48:34",password123
60,thotrầnhiền9@example.com,"Trần Hiền",thotrầnhiền9@example.com,0961000396,Hiền,Trần,,"2025-06-10 15:48:34",password123
61,thohoànghoa10@example.com,"Hoàng Hoa",thohoànghoa10@example.com,0966797998,Hoa,Hoàng,,"2025-06-10 15:48:34",password123
62,thobùihương11@example.com,"Bùi Hương",thobùihương11@example.com,0971602181,Hương,Bùi,,"2025-06-10 15:48:34",password123
63,thotrầnnam12@example.com,"Trần Nam",thotrầnnam12@example.com,0990325305,Nam,Trần,,"2025-06-10 15:48:34",password123
64,thohuỳnhtùng13@example.com,"Huỳnh Tùng",thohuỳnhtùng13@example.com,0979304047,Tùng,Huỳnh,,"2025-06-10 15:48:34",password123
65,thohoàngkhánh14@example.com,"Hoàng Khánh",thohoàngkhánh14@example.com,0938683923,Khánh,Hoàng,,"2025-06-10 15:48:34",password123
66,thoĐặngvinh15@example.com,"Đặng Vinh",thoĐặngvinh15@example.com,0928834730,Vinh,Đặng,,"2025-06-10 15:48:35",password123
67,thophạmnga16@example.com,"Phạm Nga",thophạmnga16@example.com,0944432068,Nga,Phạm,,"2025-06-10 15:48:35",password123
68,tholênga17@example.com,"Lê Nga",tholênga17@example.com,0926011265,Nga,Lê,,"2025-06-10 15:48:35",password123
69,thohồhương18@example.com,"Hồ Hương",thohồhương18@example.com,0924258261,Hương,Hồ,,"2025-06-10 15:48:35",password123
70,thohuỳnhĐạt19@example.com,"Huỳnh Đạt",thohuỳnhĐạt19@example.com,0993044795,Đạt,Huỳnh,,"2025-06-10 15:48:35",password123
71,thoĐinhtuấn20@example.com,"Đinh Tuấn",thoĐinhtuấn20@example.com,0957697757,Tuấn,Đinh,,"2025-06-10 15:48:35",password123
72,thongôan21@example.com,"Ngô An",thongôan21@example.com,0927394166,An,Ngô,,"2025-06-10 15:48:35",password123
73,thophạmbình22@example.com,"Phạm Bình",thophạmbình22@example.com,0914572841,Bình,Phạm,,"2025-06-10 15:48:35",password123
74,thovõlan23@example.com,"Võ Lan",thovõlan23@example.com,0965511504,Lan,Võ,,"2025-06-10 15:48:35",password123
75,thoĐặngnhung24@example.com,"Đặng Nhung",thoĐặngnhung24@example.com,0978259406,Nhung,Đặng,,"2025-06-10 15:48:35",password123
76,tholưulinh25@example.com,"Lưu Linh",tholưulinh25@example.com,0993462465,Linh,Lưu,,"2025-06-10 15:48:35",password123
77,thotăngkhang26@example.com,"Tăng Khang",thotăngkhang26@example.com,0949854800,Khang,Tăng,,"2025-06-10 15:48:35",password123
78,tholêphương27@example.com,"Lê Phương",tholêphương27@example.com,0992701714,Phương,Lê,,"2025-06-10 15:48:35",password123
79,thobùihiền28@example.com,"Bùi Hiền",thobùihiền28@example.com,0993422931,Hiền,Bùi,,"2025-06-10 15:48:35",password123
80,thotrầnnam29@example.com,"Trần Nam",thotrầnnam29@example.com,0939958622,Nam,Trần,,"2025-06-10 15:48:35",password123
81,thobùitùng30@example.com,"Bùi Tùng",thobùitùng30@example.com,0960885227,Tùng,Bùi,,"2025-06-10 15:48:36",password123
82,thodươngĐạt31@example.com,"Dương Đạt",thodươngĐạt31@example.com,0936047286,Đạt,Dương,,"2025-06-10 15:48:36",password123
83,thoĐinhlinh32@example.com,"Đinh Linh",thoĐinhlinh32@example.com,0977892809,Linh,Đinh,,"2025-06-10 15:48:36",password123
84,thotrầndũng33@example.com,"Trần Dũng",thotrầndũng33@example.com,0958608440,Dũng,Trần,,"2025-06-10 15:48:36",password123
85,thovũtài34@example.com,"Vũ Tài",thovũtài34@example.com,0914337225,Tài,Vũ,,"2025-06-10 15:48:36",password123
86,tholýxuân35@example.com,"Lý Xuân",tholýxuân35@example.com,0917946918,Xuân,Lý,,"2025-06-10 15:48:36",password123
87,thohuỳnhvinh36@example.com,"Huỳnh Vinh",thohuỳnhvinh36@example.com,0926852015,Vinh,Huỳnh,,"2025-06-10 15:48:36",password123
88,thophanthành37@example.com,"Phan Thành",thophanthành37@example.com,0944684526,Thành,Phan,,"2025-06-10 15:48:36",password123
89,thophanhải38@example.com,"Phan Hải",thophanhải38@example.com,0995238783,Hải,Phan,,"2025-06-10 15:48:36",password123
90,thoĐặngtâm39@example.com,"Đặng Tâm",thoĐặngtâm39@example.com,0921303088,Tâm,Đặng,,"2025-06-10 15:48:36",password123
91,tholưuvinh40@example.com,"Lưu Vinh",tholưuvinh40@example.com,0958095744,Vinh,Lưu,,"2025-06-10 15:48:36",password123
92,thodươnglan41@example.com,"Dương Lan",thodươnglan41@example.com,0991543398,Lan,Dương,,"2025-06-10 15:48:36",password123
93,thophanthu42@example.com,"Phan Thu",thophanthu42@example.com,0957991370,Thu,Phan,,"2025-06-10 15:48:36",password123
94,thotăngmai43@example.com,"Tăng Mai",thotăngmai43@example.com,0987546203,Mai,Tăng,,"2025-06-10 15:48:36",password123
95,thoĐinhthịnh44@example.com,"Đinh Thịnh",thoĐinhthịnh44@example.com,0995595016,Thịnh,Đinh,,"2025-06-10 15:48:36",password123
96,thovũdũng45@example.com,"Vũ Dũng",thovũdũng45@example.com,0927192053,Dũng,Vũ,,"2025-06-10 15:48:37",password123
97,thohuỳnhhùng46@example.com,"Huỳnh Hùng",thohuỳnhhùng46@example.com,0958349061,Hùng,Huỳnh,,"2025-06-10 15:48:37",password123
98,thophantrang47@example.com,"Phan Trang",thophantrang47@example.com,0924398788,Trang,Phan,,"2025-06-10 15:48:37",password123
99,thotôthắng48@example.com,"Tô Thắng",thotôthắng48@example.com,0980173154,Thắng,Tô,,"2025-06-10 15:48:37",password123
100,thotôkhang49@example.com,"Tô Khang",thotôkhang49@example.com,0981090558,Khang,Tô,,"2025-06-10 15:48:37",password123
101,thotrầnsơn50@example.com,"Trần Sơn",thotrầnsơn50@example.com,0967379290,Sơn,Trần,,"2025-06-10 15:48:37",password123
102,tungtaoday,"Tùng Nguyễn Ho",nguyentung0910@gmail.com,0963153970,"Tùng Nguyễn Ho",Hoàng,,"2025-06-10 19:17:57",password123
103,,"Nguyễn Hoàng Tùng",hayhay@gmail.com,,"Nguyễn Hoàng",Tùng,,"2025-06-14 19:10:05",password123
104,,"Thợ Mới Test",tho_moi@test.com,0901234567,,,,"2025-06-15 14:52:06",password123
105,,"Thợ Pending Test",tho_pending@test.com,0901234568,,,,"2025-06-15 14:52:32",password123
106,,"Thợ Approved Test",tho_approved@test.com,0901234569,,,,"2025-06-15 14:52:32",password123
107,,"Thợ Rejected Test",tho_rejected@test.com,0901234570,,,,"2025-06-15 14:52:32",password123
108,,"Nguyễn Văn Test",test_new_user@gmail.com,0987654321,,,,"2025-06-15 14:55:59",password123
109,tungtaoday345,tho_moi_2@test.com,tho_moi_2@test.com,1234123214,Nguyễn,Tùng,,"2025-06-15 18:10:26",password123
110,,"Nguyễn Hoàng Tùng",tho_approved_2@test.com,,"Nguyễn Hoàng",Tùng,,"2025-06-15 18:17:56",password123
111,group19,"Tung Nguyen Hoang",tho_test_v3@doitay.vn,1234212343,"Tung Nguyen",Hoang,"Quận Hai Bà Trưng","2025-06-16 22:38:07",password123
112,tungtaoday-test-tho-v2,"Nguyễn Hoàng Tùng",tungleader@gmail.com,01231231284,"Nguyễn Hoàng",Tùng,"Quận Cầu Giấy","2025-06-18 09:46:38",password123
113,tung-testho-v4,"Tung Nguyen Hoang",tungannhien0910@gmail.com,08123781231,"Tung Nguyen",Hoang,"Huyện Hoài Đức","2025-06-18 14:49:38",password123
114,tungtaoday1321,"Tung Nguyen Hoang",tung-test-5@gmail.com,90128301231,"Tung Nguyen",Hoang,"Huyện Thạnh Phú","2025-06-19 15:23:46",password123
115,tungtaoday4454,"Tung Nguyen Hoang",vuivui@gmail.com,0972585994,"Tung Nguyen",Hoang,"Huyện Bạch Thông","2025-06-19 16:27:08",password123
116,tung-testcanglun,"Nguyễn Hoàng Tùng",test-cangvui@gmail.com,1233123123,"Nguyễn Hoàng",Tùng,"Huyện Mỏ Cày Nam","2025-06-21 17:47:55",password123
117,,,testuser1750505051@gmail.com,,Test,User,,"2025-06-21 18:24:11",password123
118,,"Nguyễn Hoàng Tùng",tungvuivui@gmail.com,,"Nguyễn Hoàng",Tùng,,"2025-06-21 18:25:38",password123
119,,"Nguyễn Hoàng Tùng",tungaaabbb@gmail.com,,"Nguyễn Hoàng",Tùng,,"2025-06-21 22:01:21",password123
120,,"Nguyễn Hoàng Tùng",tunghayhay@gmail.com,,"Nguyễn Hoàng",Tùng,,"2025-06-22 07:14:04",password123
121,,"Nguyễn Hoàng Tùng",ttthhgh@gmail.com,,"Nguyễn Hoàng",Tùng,,"2025-06-22 07:16:24",password123
122,,"Nguyễn Hoàng Tùng",tho_moi_test6@gmail.com,,"Nguyễn Hoàng",Tùng,,"2025-06-22 07:20:00",password123
123,,"Nguyễn Hoàng Tùng",tung_hayhay_123@gmail.com,,"Nguyễn Hoàng",Tùng,,"2025-06-22 07:25:47",password123
124,,"Nguyễn Hoàng Tùng",tunghahasd@gmail.com,,"Nguyễn Hoàng",Tùng,,"2025-06-22 07:38:43",password123
125,,"Nguyễn Hoàng Tùng",tunghasdjad@gmail.com,,"Nguyễn Hoàng",Tùng,,"2025-06-22 07:44:53",password123
126,tungtaoday_hsjjfjj,"Nguyễn Hoàng Tùng",tungtaoday_hukkk@gmail.com,0924293245,"Nguyễn Hoàng",Tùng,"Huyện Thanh Oai","2025-06-22 14:26:14",password123
127,tamsaxion,"Trần Thị Đan Tâm",tamsaxion@gmail.com,0972123123,"Trần Thị Đan",Tâm,"Quận Cầu Giấy","2025-06-22 19:06:56",password123
128,customer_test,"Nguyễn Văn An",customer.test@gmail.com,,"Nguyễn Văn",An,,"2025-06-25 11:49:22",password123
129,contractor_test,"Trần Văn Bình",contractor.test@gmail.com,,"Trần Văn",Bình,,"2025-06-25 13:31:50",password123
130,testhayhay,"Nguyễn Hoàng Tùng",tetsvuivui@doitay.vn,,"Nguyễn Hoàng",Tùng,"Huyện Phú Giáo","2025-08-14 09:54:29",password123
131,Đinhtung259,"Đinh Tùng",Đinhtung259@doitay.vn,0325681243,Đinh,Tùng,"Huyện Quốc Oai","2025-08-20 18:34:55",password123
132,hodung901,"Hồ Dũng",hodung901@doitay.vn,0392962098,Hồ,Dũng,"Huyện Thạch Thất","2025-08-20 18:37:15",password123
133,nguyenkhang197,"Nguyễn Khang",nguyenkhang197@doitay.vn,0326407621,Nguyễn,Khang,"Huyện Thanh Oai","2025-08-20 18:37:15",password123
134,huynhkhang750,"Huỳnh Khang",huynhkhang750@doitay.vn,0358012924,Huỳnh,Khang,"Huyện Ứng Hòa","2025-08-20 18:37:15",password123
135,phamminh334,"Phạm Minh",phamminh334@doitay.vn,0981521849,Phạm,Minh,"Quận Hoàn Kiếm","2025-08-20 18:37:15",password123
136,vonam110,"Võ Nam",vonam110@doitay.vn,0863174873,Võ,Nam,"Huyện Thạch Thất","2025-08-20 18:37:15",password123
137,hathi712,"Hà Thị",hathi712@doitay.vn,0968718159,Hà,Thị,"Huyện Hoài Đức","2025-08-20 18:37:16",password123
138,tangtung856,"Tăng Tùng",tangtung856@doitay.vn,0395677726,Tăng,Tùng,"Huyện Chương Mỹ","2025-08-20 18:37:16",password123
139,huathao637,"Hứa Thảo",huathao637@doitay.vn,0367801840,Hứa,Thảo,"Quận Cầu Giấy","2025-08-20 18:37:16",password123
140,hoquynh518,"Hồ Quỳnh",hoquynh518@doitay.vn,0866726076,Hồ,Quỳnh,"Huyện Ứng Hòa","2025-08-20 18:37:16",password123
141,leminh121,"Lê Minh",leminh121@doitay.vn,0355550714,Lê,Minh,"Huyện Thạch Thất","2025-08-20 18:37:16",password123
142,Đangnga146,"Đặng Nga",Đangnga146@doitay.vn,0324094370,Đặng,Nga,"Quận Hoàn Kiếm","2025-08-20 18:37:16",password123
143,ngotrang838,"Ngô Trang",ngotrang838@doitay.vn,0350394355,Ngô,Trang,"Quận Long Biên","2025-08-20 18:37:16",password123
144,hatruc766,"Hà Trúc",hatruc766@doitay.vn,0983032721,Hà,Trúc,"Huyện Thanh Trì","2025-08-20 18:37:16",password123
145,hoanglan874,"Hoàng Lan",hoanglan874@doitay.vn,0378907083,Hoàng,Lan,"Quận Cầu Giấy","2025-08-20 18:37:16",password123
146,maiquynh761,"Mai Quỳnh",maiquynh761@doitay.vn,0338594442,Mai,Quỳnh,"Huyện Phú Thọ","2025-08-20 18:37:16",password123
147,Đangthanh36,"Đặng Thành",Đangthanh36@doitay.vn,0351744349,Đặng,Thành,"Quận Long Biên","2025-08-20 18:37:17",password123
148,honga543,"Hồ Nga",honga543@doitay.vn,0389010310,Hồ,Nga,"Huyện Quốc Oai","2025-08-20 18:37:17",password123
149,nguyenanh938,"Nguyễn Anh",nguyenanh938@doitay.vn,0962868673,Nguyễn,Anh,"Huyện Thạch Thất","2025-08-20 18:37:17",password123
150,hongthanh736,"Hồng Thành",hongthanh736@doitay.vn,0327803737,Hồng,Thành,"Huyện Thanh Trì","2025-08-20 18:37:17",password123
151,thaisen321,"Thái Sen",thaisen321@doitay.vn,0364076807,Thái,Sen,"Quận Hai Bà Trưng","2025-08-20 18:37:17",password123
152,maidung504,"Mai Dũng",maidung504@doitay.vn,0970003458,Mai,Dũng,"Huyện Thanh Trì","2025-08-20 18:37:17",password123
153,buiĐuc933,"Bùi Đức",buiĐuc933@doitay.vn,0357300276,Bùi,Đức,"Huyện Quốc Oai","2025-08-20 18:37:17",password123
154,huaha693,"Hứa Hà",huaha693@doitay.vn,0897517715,Hứa,Hà,"Huyện Thạch Thất","2025-08-20 18:37:17",password123
155,huynhxuan11,"Huỳnh Xuân",huynhxuan11@doitay.vn,0893004546,Huỳnh,Xuân,"Quận Long Biên","2025-08-20 18:37:17",password123
156,vulinh723,"Vũ Linh",vulinh723@doitay.vn,0365785092,Vũ,Linh,"Huyện Chương Mỹ","2025-08-20 18:37:17",password123
157,phancuong861,"Phan Cường",phancuong861@doitay.vn,0341435161,Phan,Cường,"Quận Hoàng Mai","2025-08-20 18:37:18",password123
158,ĐoĐao603,"Đỗ Đào",ĐoĐao603@doitay.vn,0366147845,Đỗ,Đào,"Huyện Quốc Oai","2025-08-20 18:37:18",password123
159,duongcuong863,"Dương Cường",duongcuong863@doitay.vn,0864773821,Dương,Cường,"Huyện Thanh Oai","2025-08-20 18:37:18",password123
160,duongnam469,"Dương Nam",duongnam469@doitay.vn,0988489004,Dương,Nam,"Quận Cầu Giấy","2025-08-20 18:37:18",password123
161,trannga373,"Trần Nga",trannga373@doitay.vn,0322151086,Trần,Nga,"Huyện Thường Tín","2025-08-20 18:37:18",password123
162,ngodung701,"Ngô Dũng",ngodung701@doitay.vn,0390346139,Ngô,Dũng,"Quận Long Biên","2025-08-20 18:37:18",password123
163,trinhtung169,"Trịnh Tùng",trinhtung169@doitay.vn,0322903085,Trịnh,Tùng,"Quận Bắc Từ Liêm","2025-08-20 18:37:18",password123
164,haphuc992,"Hà Phúc",haphuc992@doitay.vn,0382462505,Hà,Phúc,"Huyện Đan Phượng","2025-08-20 18:37:18",password123
165,huynhĐao106,"Huỳnh Đào",huynhĐao106@doitay.vn,0383449022,Huỳnh,Đào,"Huyện Chương Mỹ","2025-08-20 18:37:18",password123
166,duongngoc632,"Dương Ngọc",duongngoc632@doitay.vn,0377639926,Dương,Ngọc,"Quận Thanh Xuân","2025-08-20 18:37:18",password123
167,tranhai211,"Trần Hải",tranhai211@doitay.vn,0366561008,Trần,Hải,"Quận Đống Đa","2025-08-20 18:37:19",password123
168,ngohung188,"Ngô Hùng",ngohung188@doitay.vn,0346590693,Ngô,Hùng,"Huyện Phú Xuyên","2025-08-20 18:37:19",password123
169,phamthao616,"Phạm Thảo",phamthao616@doitay.vn,0360624859,Phạm,Thảo,"Huyện Thạch Thất","2025-08-20 18:37:19",password123
170,Đomai314,"Đỗ Mai",Đomai314@doitay.vn,0882442372,Đỗ,Mai,"Quận Hai Bà Trưng","2025-08-20 18:37:19",password123
171,vutung847,"Vũ Tùng",vutung847@doitay.vn,0984210686,Vũ,Tùng,"Huyện Thanh Trì","2025-08-20 18:37:19",password123
172,lynam378,"Lý Nam",lynam378@doitay.vn,0335439400,Lý,Nam,"Quận Hoàng Mai","2025-08-20 18:37:19",password123
173,thaihoa278,"Thái Hoa",thaihoa278@doitay.vn,0375187440,Thái,Hoa,"Huyện Sóc Sơn","2025-08-20 18:37:19",password123
174,trinhtrang295,"Trịnh Trang",trinhtrang295@doitay.vn,0974157536,Trịnh,Trang,"Quận Hai Bà Trưng","2025-08-20 18:37:19",password123
175,nguyenĐao36,"Nguyễn Đào",nguyenĐao36@doitay.vn,0860781082,Nguyễn,Đào,"Huyện Thanh Trì","2025-08-20 18:37:19",password123
176,nguyenhuong517,"Nguyễn Hương",nguyenhuong517@doitay.vn,0384366461,Nguyễn,Hương,"Quận Đống Đa","2025-08-20 18:37:19",password123
177,ngoĐao393,"Ngô Đào",ngoĐao393@doitay.vn,0976103937,Ngô,Đào,"Huyện Thanh Trì","2025-08-20 18:37:19",password123
178,duongque441,"Dương Quế",duongque441@doitay.vn,0865192370,Dương,Quế,"Quận Hà Đông","2025-08-20 18:37:20",password123
179,Đanganh560,"Đặng Anh",Đanganh560@doitay.vn,0348840214,Đặng,Anh,"Quận Đống Đa","2025-08-20 18:37:20",password123
180,trinhanh857,"Trịnh Anh",trinhanh857@doitay.vn,0336383597,Trịnh,Anh,"Huyện Đông Anh","2025-08-20 18:37:20",password123
181,maiphuong346,"Mai Phương",maiphuong346@doitay.vn,0329894268,Mai,Phương,"Quận Đống Đa","2025-08-20 18:37:20",password123
182,tothao923,"Tô Thảo",tothao923@doitay.vn,0860018637,Tô,Thảo,"Quận Đống Đa","2025-08-20 18:37:20",password123
183,haminh617,"Hà Minh",haminh617@doitay.vn,0890898004,Hà,Minh,"Huyện Thường Tín","2025-08-20 18:37:20",password123
184,honggiang510,"Hồng Giang",honggiang510@doitay.vn,0989933959,Hồng,Giang,"Huyện Hoài Đức","2025-08-20 18:37:20",password123
185,votruc671,"Võ Trúc",votruc671@doitay.vn,0863995848,Võ,Trúc,"Quận Hà Đông","2025-08-20 18:37:20",password123
186,hohung950,"Hồ Hùng",hohung950@doitay.vn,0387099462,Hồ,Hùng,"Huyện Phú Thọ","2025-08-20 18:37:20",password123
187,hoangphuc803,"Hoàng Phúc",hoangphuc803@doitay.vn,0380724897,Hoàng,Phúc,"Huyện Đông Anh","2025-08-20 18:37:20",password123
188,hoangque511,"Hoàng Quế",hoangque511@doitay.vn,0980280382,Hoàng,Quế,"Huyện Mê Linh","2025-08-20 18:37:21",password123
189,tohoa904,"Tô Hoa",tohoa904@doitay.vn,0379069159,Tô,Hoa,"Huyện Gia Lâm","2025-08-20 18:37:21",password123
190,tangkhang591,"Tăng Khang",tangkhang591@doitay.vn,0974330494,Tăng,Khang,"Quận Đống Đa","2025-08-20 18:37:21",password123
191,lyque492,"Lý Quế",lyque492@doitay.vn,0340819877,Lý,Quế,"Huyện Sóc Sơn","2025-08-20 18:37:21",password123
192,phamtrang19,"Phạm Trang",phamtrang19@doitay.vn,0868612906,Phạm,Trang,"Huyện Chương Mỹ","2025-08-20 18:37:21",password123
193,tathanh596,"Tạ Thành",tathanh596@doitay.vn,0336836689,Tạ,Thành,"Quận Bắc Từ Liêm","2025-08-20 18:37:21",password123
194,nguyenlinh520,"Nguyễn Linh",nguyenlinh520@doitay.vn,0891179736,Nguyễn,Linh,"Huyện Thanh Trì","2025-08-20 18:37:21",password123
195,phantuyet521,"Phan Tuyết",phantuyet521@doitay.vn,0888970913,Phan,Tuyết,"Huyện Mê Linh","2025-08-20 18:37:21",password123
196,lengoc7,"Lê Ngọc",lengoc7@doitay.vn,0387205883,Lê,Ngọc,"Quận Đống Đa","2025-08-20 18:37:21",password123
197,hahoa357,"Hà Hoa",hahoa357@doitay.vn,0377435501,Hà,Hoa,"Quận Tây Hồ","2025-08-20 18:37:22",password123
198,tanam698,"Tạ Nam",tanam698@doitay.vn,0343354211,Tạ,Nam,"Huyện Thanh Trì","2025-08-20 18:37:22",password123
199,huynhanh777,"Huỳnh Anh",huynhanh777@doitay.vn,0392090755,Huỳnh,Anh,"Quận Hoàng Mai","2025-08-20 18:37:22",password123
200,Đosen486,"Đỗ Sen",Đosen486@doitay.vn,0341594324,Đỗ,Sen,"Huyện Ba Vì","2025-08-20 18:37:22",password123
201,Đinhthi445,"Đinh Thị",Đinhthi445@doitay.vn,0886940873,Đinh,Thị,"Huyện Thạch Thất","2025-08-20 18:37:22",password123
202,hongminh206,"Hồng Minh",hongminh206@doitay.vn,0323638885,Hồng,Minh,"Huyện Ba Vì","2025-08-20 18:37:22",password123
203,phantrang188,"Phan Trang",phantrang188@doitay.vn,0344073300,Phan,Trang,"Quận Long Biên","2025-08-20 18:37:23",password123
204,huynhtuyet341,"Huỳnh Tuyết",huynhtuyet341@doitay.vn,0383027503,Huỳnh,Tuyết,"Quận Hoàn Kiếm","2025-08-20 18:37:23",password123
205,phamhung142,"Phạm Hùng",phamhung142@doitay.vn,0897133635,Phạm,Hùng,"Quận Đống Đa","2025-08-20 18:37:23",password123
206,lytruc32,"Lý Trúc",lytruc32@doitay.vn,0887811342,Lý,Trúc,"Quận Thanh Xuân","2025-08-20 18:37:23",password123
207,toson359,"Tô Sơn",toson359@doitay.vn,0389248887,Tô,Sơn,"Huyện Ba Vì","2025-08-20 18:37:23",password123
208,halinh838,"Hà Linh",halinh838@doitay.vn,0361593066,Hà,Linh,"Huyện Sóc Sơn","2025-08-20 18:37:23",password123
209,trinhgiang171,"Trịnh Giang",trinhgiang171@doitay.vn,0365452622,Trịnh,Giang,"Huyện Gia Lâm","2025-08-20 18:37:23",password123
210,hongthi226,"Hồng Thị",hongthi226@doitay.vn,0334466943,Hồng,Thị,"Huyện Chương Mỹ","2025-08-20 18:37:23",password123
211,Đangdung163,"Đặng Dũng",Đangdung163@doitay.vn,0365179241,Đặng,Dũng,"Huyện Phú Thọ","2025-08-20 18:37:24",password123
212,luuphuong92,"Lưu Phương",luuphuong92@doitay.vn,0967163922,Lưu,Phương,"Quận Hoàn Kiếm","2025-08-20 18:37:24",password123
213,honglinh398,"Hồng Linh",honglinh398@doitay.vn,0383575592,Hồng,Linh,"Quận Hà Đông","2025-08-20 18:37:24",password123
214,huynhthanh415,"Huỳnh Thành",huynhthanh415@doitay.vn,0970038129,Huỳnh,Thành,"Quận Hoàng Mai","2025-08-20 18:37:24",password123
215,tangtuan913,"Tăng Tuấn",tangtuan913@doitay.vn,0989968516,Tăng,Tuấn,"Huyện Quốc Oai","2025-08-20 18:37:24",password123
216,Đoantuan244,"Đoàn Tuấn",Đoantuan244@doitay.vn,0327678769,Đoàn,Tuấn,"Huyện Thạch Thất","2025-08-20 18:37:24",password123
217,lysen856,"Lý Sen",lysen856@doitay.vn,0896209223,Lý,Sen,"Quận Long Biên","2025-08-20 18:37:24",password123
218,haha51,"Hà Hà",haha51@doitay.vn,0393881994,Hà,Hà,"Huyện Thạch Thất","2025-08-20 18:37:24",password123
219,ngothanh188,"Ngô Thành",ngothanh188@doitay.vn,0341433935,Ngô,Thành,"Quận Cầu Giấy","2025-08-20 18:37:25",password123
220,nguyenphuong909,"Nguyễn Phương",nguyenphuong909@doitay.vn,0392142903,Nguyễn,Phương,"Huyện Đông Anh","2025-08-20 18:37:25",password123
221,huahai465,"Hứa Hải",huahai465@doitay.vn,0380324036,Hứa,Hải,"Huyện Đan Phượng","2025-08-20 18:37:25",password123
222,ngotruc849,"Ngô Trúc",ngotruc849@doitay.vn,0898081494,Ngô,Trúc,"Huyện Ứng Hòa","2025-08-20 18:37:25",password123
223,phamque7,"Phạm Quế",phamque7@doitay.vn,0975339144,Phạm,Quế,"Quận Thanh Xuân","2025-08-20 18:37:25",password123
224,duongbinh552,"Dương Bình",duongbinh552@doitay.vn,0325496928,Dương,Bình,"Huyện Ứng Hòa","2025-08-20 18:37:25",password123
225,Đangtruc761,"Đặng Trúc",Đangtruc761@doitay.vn,0960869540,Đặng,Trúc,"Quận Long Biên","2025-08-20 18:37:25",password123
226,lythao540,"Lý Thảo",lythao540@doitay.vn,0976626041,Lý,Thảo,"Quận Hoàn Kiếm","2025-08-20 18:37:25",password123
227,luuthi406,"Lưu Thị",luuthi406@doitay.vn,0964666453,Lưu,Thị,"Huyện Thạch Thất","2025-08-20 18:37:25",password123
228,chauhai345,"Châu Hải",chauhai345@doitay.vn,0383474444,Châu,Hải,"Quận Hoàn Kiếm","2025-08-20 18:37:25",password123
229,tamai699,"Tạ Mai",tamai699@doitay.vn,0885937018,Tạ,Mai,"Quận Hai Bà Trưng","2025-08-20 18:37:26",password123
230,taanh825,"Tạ Anh",taanh825@doitay.vn,0882248584,Tạ,Anh,"Quận Nam Từ Liêm","2025-08-20 18:37:26",password123
231,Đoha666,"Đỗ Hà",Đoha666@doitay.vn,0899981377,Đỗ,Hà,"Quận Thanh Xuân","2025-08-20 18:37:26",password123
